Institution,RankAerospaceEngineering,RankComputerScience,RankComputerEngineering,RankElectricalEngineering,RankEngineering,RankEngineeringPhysics,RankMathematicsandStatistics,RankMechanicalEngineering,RankPhysics,RankEngineeringandTechnologyAggregate
Brown,,29,,35,,,18,32,40,38
Caltech,,14,,5,,,8,8,4,5
CarnegieMellon,,2,,8,,,9,18,25,7
Columbia,,10,,16,,,11,27,11,17
Cornell,,8,,15,,,16,16,12,14
Dartmouth,,35,,35,,,37,32,40,66
Duke,,25,,32,,,20,28,37,31
Harvard,,5,,4,,,3,5,2,4
JohnsHopkins,,24,,27,,,26,23,18,28
MIT,,1,,1,,,1,1,1,1
Rice,,35,,35,,,37,32,36,40
Stanford,,3,,2,,,2,2,3,2
UC-Berkeley,,4,,3,,,4,3,5,3
UCLA,,9,,7,,,7,13,8,8
UCSD,,18,,13,,,23,19,19,15
UChicago,,20,,35,,,10,32,7,24
UM-AnnArbor,,19,,12,,,12,4,14,12
UNotreDame,,35,,35,,,37,32,40,56
UPenn,,17,,25,,,17,22,22,23
Vanderbilt,,35,,35,,,37,32,40,66
WU-St.Louis,,35,,35,,,37,32,40,66
Yale,,16,,19,,,15,24,13,19
NYU,,12,,21,,,6,32,30,33
Northwestern,,35,,29,,,30,15,23,21
Princeton,,6,,9,,,5,14,6,13
* Ranks are using this source (for consistency) All universities with N/A values for as their subject score were given equal ranks (the rank of the first university with an N/A value) ,,,,,,,,,,